[{"id":275729811,"title":"Blog Template","order":1,"templateKey":"blog","customTemplate":false,"customTemplateFilename":null,"pageLinks":[],"dateCreated":"2024-10-29T02:58:33.455Z","dateUpdated":"2024-10-29T02:58:40.601Z","folderId":null,"pageName":"Blog Template","sectionCount":1,"status":2},{"id":493303361,"title":"Post Template","order":2,"templateKey":"post","customTemplate":false,"customTemplateFilename":null,"pageLinks":[],"dateCreated":"2024-10-29T02:58:33.540Z","dateUpdated":"2024-10-29T02:58:40.601Z","folderId":null,"pageName":"Post Template","sectionCount":1,"status":2},{"id":676120834,"title":"Product List Template","order":3,"templateKey":"products","customTemplate":false,"customTemplateFilename":null,"pageLinks":[],"dateCreated":"2024-10-29T02:58:33.664Z","dateUpdated":"2024-10-29T02:58:40.601Z","folderId":null,"pageName":"Product List Template","sectionCount":1,"status":2},{"id":77578899,"title":"Product Details Template","order":4,"templateKey":"product","customTemplate":false,"customTemplateFilename":null,"pageLinks":[],"dateCreated":"2024-10-29T02:58:33.784Z","dateUpdated":"2024-10-29T02:58:40.602Z","folderId":null,"pageName":"Product Details Template","sectionCount":1,"status":2},{"id":283130047,"title":"Shopping Cart Template","order":5,"templateKey":"cart","customTemplate":false,"customTemplateFilename":null,"pageLinks":[],"dateCreated":"2024-10-29T02:58:33.881Z","dateUpdated":"2024-10-29T02:58:40.602Z","folderId":null,"pageName":"Shopping Cart Template","sectionCount":1,"status":2},{"id":238817749,"title":"Login Template","order":7,"templateKey":"login","customTemplate":false,"customTemplateFilename":null,"pageLinks":[],"dateCreated":"2024-10-29T02:58:34.063Z","dateUpdated":"2024-10-29T14:41:55.664Z","folderId":null,"pageName":"Login Template","sectionCount":1,"status":2},{"id":1276025654,"title":"Search Template","order":8,"templateKey":"Search","customTemplate":false,"customTemplateFilename":null,"pageLinks":[],"dateCreated":"2024-10-29T02:58:34.150Z","dateUpdated":"2024-10-29T02:58:40.602Z","folderId":null,"pageName":"Search Template","sectionCount":1,"status":2},{"id":828315746,"title":"Password Template","order":9,"templateKey":"password","customTemplate":false,"customTemplateFilename":null,"pageLinks":[],"dateCreated":"2024-10-29T02:58:34.220Z","dateUpdated":"2024-10-29T02:58:40.602Z","folderId":null,"pageName":"Password Template","sectionCount":1,"status":2},{"id":331529362,"title":"404 Not Found Template","order":10,"templateKey":"404","customTemplate":false,"customTemplateFilename":null,"pageLinks":[],"dateCreated":"2024-10-29T02:58:34.277Z","dateUpdated":"2024-10-29T02:58:40.602Z","folderId":null,"pageName":"404 Not Found Template","sectionCount":1,"status":2},{"id":2568942,"title":"Thank You Template","order":11,"templateKey":"ThankYou","customTemplate":false,"customTemplateFilename":null,"pageLinks":[],"dateCreated":"2024-10-29T02:58:34.335Z","dateUpdated":"2024-10-29T02:58:40.602Z","folderId":null,"pageName":"Thank You Template","sectionCount":1,"status":2},{"id":44347056,"title":"Mindfulness","order":12,"templateKey":null,"customTemplate":false,"customTemplateFilename":null,"pageLinks":[],"dateCreated":"2024-10-29T03:01:42.706Z","dateUpdated":"2024-10-29T16:10:09.132Z","folderId":null,"pageName":"Mindfulness_44347056","sectionCount":1,"status":2},{"id":339323655,"title":"Home","order":13,"templateKey":null,"customTemplate":false,"customTemplateFilename":null,"pageLinks":[],"dateCreated":"2024-10-29T03:01:47.645Z","dateUpdated":"2024-10-29T04:11:01.003Z","folderId":null,"pageName":"Home_339323655","sectionCount":4,"status":2},{"id":226611274,"title":"Login","order":14,"templateKey":null,"customTemplate":false,"customTemplateFilename":null,"pageLinks":[],"dateCreated":"2024-10-29T03:01:51.112Z","dateUpdated":"2024-10-29T15:42:09.758Z","folderId":null,"pageName":"Login_226611274","sectionCount":2,"status":2},{"id":2079224305,"title":"Registration","order":15,"templateKey":null,"customTemplate":false,"customTemplateFilename":null,"pageLinks":[],"dateCreated":"2024-10-29T15:42:04.218Z","dateUpdated":"2024-10-29T15:58:00.739Z","folderId":null,"pageName":"Registration_2079224305","sectionCount":2,"status":2}]